timestamp_utc,send_currency,receive_currency,exchange_rate,interbank_rate
2026-04-29 12:00:00 UTC,EUR,ARS,1744.7572,N/A
2026-04-30 12:00:00 UTC,EUR,ARS,1722.8134,N/A
2026-05-01 12:00:00 UTC,EUR,ARS,1731.5501,N/A
2026-05-04 12:00:00 UTC,EUR,ARS,1731.5501,N/A
2026-05-05 12:00:00 UTC,EUR,ARS,1737.5073,N/A
2026-05-06 12:00:00 UTC,EUR,ARS,1729.5131,N/A
2026-05-07 12:00:00 UTC,EUR,ARS,1727.9377,N/A
2026-05-08 12:00:00 UTC,EUR,ARS,1735.1911,N/A
2026-05-11 12:00:00 UTC,EUR,ARS,1748.7667,N/A
2026-05-12 12:00:00 UTC,EUR,ARS,1739.4824,N/A
2026-05-13 12:00:00 UTC,EUR,ARS,1722.8105,N/A
2026-05-14 12:00:00 UTC,EUR,ARS,1728.6997,N/A
2026-05-15 12:00:00 UTC,EUR,ARS,1720.4228,N/A
2026-05-18 12:00:00 UTC,EUR,ARS,1717.063,N/A
2026-05-19 12:00:00 UTC,EUR,ARS,1724.6408,N/A
2026-05-20 12:00:00 UTC,EUR,ARS,1720.6137,N/A
2026-05-21 12:00:00 UTC,EUR,ARS,1721.6972,N/A
2026-05-22 12:00:00 UTC,EUR,ARS,1711.4687,N/A
2026-05-25 12:00:00 UTC,EUR,ARS,1729.7413,N/A
2026-05-26 12:00:00 UTC,EUR,ARS,1728.0112,N/A
2026-05-27 12:00:00 UTC,EUR,ARS,1739.8631,N/A
2026-05-28 12:00:00 UTC,EUR,ARS,1739.1325,N/A
2026-05-29 12:00:00 UTC,EUR,ARS,1740.9752,N/A
2026-06-01 12:00:00 UTC,EUR,ARS,1745.3495,N/A
2026-06-02 12:00:00 UTC,EUR,ARS,1760.3126,N/A
2026-06-03 12:00:00 UTC,EUR,ARS,1757.6164,N/A
2026-06-04 12:00:00 UTC,EUR,ARS,1770.7777,N/A
2026-06-05 12:00:00 UTC,EUR,ARS,1768.8192,N/A
2026-06-08 12:00:00 UTC,EUR,ARS,1771.544,N/A
2026-06-09 12:00:00 UTC,EUR,ARS,1767.6103,N/A
2026-06-10 12:00:00 UTC,EUR,ARS,1763.1813,N/A
2026-06-11 12:00:00 UTC,EUR,ARS,1752.505,N/A
2026-06-12 12:00:00 UTC,EUR,ARS,1757.5858,N/A
2026-06-15 12:00:00 UTC,EUR,ARS,1752.5608,N/A
2026-06-16 12:00:00 UTC,EUR,ARS,1756.4357,N/A
2026-06-17 12:00:00 UTC,EUR,ARS,1768.1307,N/A
2026-06-18 12:00:00 UTC,EUR,ARS,1758.2304,N/A
2026-06-19 12:00:00 UTC,EUR,ARS,1762.2045,N/A
2026-06-22 12:00:00 UTC,EUR,ARS,1709.8389,N/A
2026-06-23 12:00:00 UTC,EUR,ARS,1770.2934,N/A
2026-06-24 12:00:00 UTC,EUR,ARS,1774.3006,N/A
2026-06-25 12:00:00 UTC,EUR,ARS,1780.2846,N/A
2026-06-26 12:00:00 UTC,EUR,ARS,1779.099,N/A
2026-06-29 12:00:00 UTC,EUR,ARS,1785.2538,N/A
2026-06-30 12:00:00 UTC,EUR,ARS,1792.9602,N/A
2026-07-01 12:00:00 UTC,EUR,ARS,1795.3058,N/A
2026-07-02 12:00:00 UTC,EUR,ARS,1796.4099,N/A
2026-07-03 12:00:00 UTC,EUR,ARS,1802.8305,N/A
2026-07-06 12:00:00 UTC,EUR,ARS,1810.901,N/A
2026-07-07 12:00:00 UTC,EUR,ARS,1801.9114,N/A
2026-07-08 12:00:00 UTC,EUR,ARS,1803.1652,N/A
2026-07-09 12:00:00 UTC,EUR,ARS,1800.9827,N/A
2026-07-10 12:00:00 UTC,EUR,ARS,1802.6383,N/A
2026-07-13 12:00:00 UTC,EUR,ARS,1749.595,N/A
2026-07-14 12:00:00 UTC,EUR,ARS,1789.2621,N/A
2026-07-15 12:00:00 UTC,EUR,ARS,1780.6883,N/A
2026-07-16 12:00:00 UTC,EUR,ARS,1794.5064,N/A
2026-07-17 12:00:00 UTC,EUR,ARS,1789.9494,N/A
2026-07-20 12:00:00 UTC,EUR,ARS,1734.0156,N/A
2026-07-21 12:00:00 UTC,EUR,ARS,1792.5561,N/A
2026-07-22 12:00:00 UTC,EUR,ARS,1786.0608,N/A
2026-07-23 12:00:00 UTC,EUR,ARS,1793.3673,N/A
2026-07-24 12:00:00 UTC,EUR,ARS,1795.6096,N/A
2026-07-27 12:00:00 UTC,EUR,ARS,1805.8719,N/A
2026-07-28 12:00:00 UTC,EUR,ARS,1804.0905,N/A
2026-07-29 12:00:00 UTC,EUR,ARS,1810.0517,N/A
2026-07-30 12:00:00 UTC,EUR,ARS,1817.7785,N/A
2026-07-31 12:00:00 UTC,EUR,ARS,1818.7558,N/A
2026-08-03 12:00:00 UTC,EUR,ARS,1762.2245,N/A
2026-08-04 12:00:00 UTC,EUR,ARS,1822.6105,N/A
2026-08-05 12:00:00 UTC,EUR,ARS,1829.3684,N/A
2026-08-06 12:00:00 UTC,EUR,ARS,1832.8057,N/A
2026-08-07 12:00:00 UTC,EUR,ARS,1832.0217,N/A
2026-08-10 12:00:00 UTC,EUR,ARS,1828.3935,N/A
2026-08-11 12:00:00 UTC,EUR,ARS,1833.86,N/A
2026-08-12 12:00:00 UTC,EUR,ARS,1824.3598,N/A
2026-08-13 12:00:00 UTC,EUR,ARS,1823.7429,N/A
2026-08-14 12:00:00 UTC,EUR,ARS,1823.7988,N/A
2026-08-17 12:00:00 UTC,EUR,ARS,1774.169,N/A
2026-08-18 12:00:00 UTC,EUR,ARS,1826.742,N/A
2026-08-19 12:00:00 UTC,EUR,ARS,1834.4282,N/A
2026-08-20 12:00:00 UTC,EUR,ARS,1852.6789,N/A
2026-08-21 12:00:00 UTC,EUR,ARS,1854.9405,N/A
2026-08-24 12:00:00 UTC,EUR,ARS,1857.2927,N/A
2026-08-25 12:00:00 UTC,EUR,ARS,1866.9969,N/A
2026-08-26 12:00:00 UTC,EUR,ARS,1870.7653,N/A
2026-08-27 12:00:00 UTC,EUR,ARS,1870.705,N/A
2026-08-28 12:00:00 UTC,EUR,ARS,1867.9819,N/A
2026-08-31 12:00:00 UTC,EUR,ARS,1841.0379,N/A
2026-09-01 12:00:00 UTC,EUR,ARS,1858.059,N/A
2026-09-01 13:24:16 UTC,EUR,ARS,1856.1994,N/A
2026-09-01 18:11:13 UTC,EUR,ARS,1850.4024,1753.06
2026-09-01 18:11:13 UTC,USD,ARS,1596.0,1512.5
2026-09-01 18:11:13 UTC,GBP,ARS,2161.1436,2044.08
2026-09-01 18:11:13 UTC,CAD,ARS,1147.7886,1087.77
2026-09-01 23:32:20 UTC,EUR,ARS,1850.4024,1753.41
2026-09-01 23:32:20 UTC,USD,ARS,1596.0,1512.5
2026-09-01 23:32:20 UTC,GBP,ARS,2161.1436,2044.16
2026-09-01 23:32:20 UTC,CAD,ARS,1147.8711,1088.72
2026-09-01 23:35:40 UTC,EUR,ARS,1850.4024,1753.41
2026-09-01 23:35:40 UTC,USD,ARS,1596.0,1512.5
2026-09-01 23:35:40 UTC,GBP,ARS,2161.1436,2044.16
2026-09-01 23:35:40 UTC,CAD,ARS,1147.8711,1088.72
2026-09-01 23:41:01 UTC,EUR,ARS,1850.4024,1753.41
2026-09-01 23:41:01 UTC,USD,ARS,1596.0,1512.5
2026-09-01 23:41:01 UTC,GBP,ARS,2161.1436,2044.16
2026-09-01 23:41:01 UTC,CAD,ARS,1147.8711,1088.72
2026-09-02 17:46:41 UTC,EUR,ARS,1846.7316,1751.38
2026-09-02 17:46:41 UTC,USD,ARS,1596.0,1511.5
2026-09-02 17:46:41 UTC,GBP,ARS,2152.3656,2038.85
2026-09-02 17:46:41 UTC,CAD,ARS,1152.6794,1091.81
2026-09-02 20:23:03 UTC,EUR,ARS,1846.7316,1750.1
2026-09-02 20:23:03 UTC,USD,ARS,1596.0,1510.5
2026-09-02 20:23:03 UTC,GBP,ARS,2152.3656,2037.28
2026-09-02 20:23:03 UTC,CAD,ARS,1152.6794,1091.6
2026-09-02 23:45:32 UTC,EUR,ARS,1846.7316,1750.44
2026-09-02 23:45:32 UTC,USD,ARS,1596.0,1510.5
2026-09-02 23:45:32 UTC,GBP,ARS,2152.3656,2037.34
2026-09-02 23:45:32 UTC,CAD,ARS,1152.6794,1091.77
2026-09-03 02:26:08 UTC,EUR,ARS,1846.7316,1750.44
2026-09-03 02:26:08 UTC,USD,ARS,1596.0,1510.5
2026-09-03 02:26:08 UTC,GBP,ARS,2152.3656,2036.88
2026-09-03 02:26:08 UTC,CAD,ARS,1152.6794,1091.71
2026-09-03 08:27:41 UTC,EUR,ARS,1852.158,1752.71
2026-09-03 08:27:41 UTC,USD,ARS,1596.0,1510.5
2026-09-03 08:27:41 UTC,GBP,ARS,2153.6424,2039.45
2026-09-03 08:27:41 UTC,CAD,ARS,1152.6794,1093.04
2026-09-03 17:54:29 UTC,EUR,ARS,1845.354,1754.93
2026-09-03 17:54:29 UTC,USD,ARS,1590.0,1508.0
2026-09-03 17:54:29 UTC,GBP,ARS,2146.341,2042.72
2026-09-03 17:54:29 UTC,CAD,ARS,1154.5164,1094.41
2026-09-03 18:46:31 UTC,EUR,ARS,1845.354,1754.62
2026-09-03 18:46:31 UTC,USD,ARS,1590.0,1508.25
2026-09-03 18:46:31 UTC,GBP,ARS,2146.341,2041.98
2026-09-03 18:46:31 UTC,CAD,ARS,1154.5164,1093.92
2026-09-03 21:02:39 UTC,EUR,ARS,1845.354,1754.47
2026-09-03 21:02:39 UTC,USD,ARS,1590.0,1508.25
2026-09-03 21:02:39 UTC,GBP,ARS,2146.341,2041.97
2026-09-03 21:02:39 UTC,CAD,ARS,1154.5164,1093.66
2026-09-03 23:15:26 UTC,EUR,ARS,1845.354,1753.39
2026-09-03 23:15:26 UTC,USD,ARS,1590.0,1508.25
2026-09-03 23:15:26 UTC,GBP,ARS,2146.341,2039.71
2026-09-03 23:15:26 UTC,CAD,ARS,1152.341,1093.44
2026-09-04 01:04:59 UTC,EUR,ARS,1845.354,1753.87
2026-09-04 01:04:59 UTC,USD,ARS,1590.0,1508.25
2026-09-04 01:04:59 UTC,GBP,ARS,2146.341,2040.84
2026-09-04 01:04:59 UTC,CAD,ARS,1152.341,1093.74
2026-09-04 05:51:19 UTC,EUR,ARS,1845.354,1753.74
2026-09-04 05:51:19 UTC,USD,ARS,1590.0,1508.25
2026-09-04 05:51:19 UTC,GBP,ARS,2146.341,2040.94
2026-09-04 05:51:19 UTC,CAD,ARS,1152.341,1093.7
2026-09-04 10:18:27 UTC,EUR,ARS,1847.103,1753.74
2026-09-04 10:18:27 UTC,USD,ARS,1590.0,1508.25
2026-09-04 10:18:27 UTC,GBP,ARS,2150.157,2040.94
2026-09-04 10:18:27 UTC,CAD,ARS,1151.8401,1093.7
2026-09-04 14:26:50 UTC,EUR,ARS,1847.103,1750.09
2026-09-04 14:26:50 UTC,USD,ARS,1590.0,1506.5
2026-09-04 14:26:50 UTC,GBP,ARS,2150.157,2035.71
2026-09-04 14:26:50 UTC,CAD,ARS,1151.8401,1087.45
2026-09-04 17:44:57 UTC,EUR,ARS,1839.8424,1749.47
2026-09-04 17:44:57 UTC,USD,ARS,1583.75,1506.5
2026-09-04 17:44:57 UTC,GBP,ARS,2141.7051,2035.79
2026-09-04 17:44:57 UTC,CAD,ARS,1144.4108,1088.86
2026-09-04 19:55:52 UTC,EUR,ARS,1839.8424,1751.97
2026-09-04 19:55:52 UTC,USD,ARS,1583.75,1508.5
2026-09-04 19:55:52 UTC,GBP,ARS,2141.7051,2039.44
2026-09-04 19:55:52 UTC,CAD,ARS,1144.4108,1090.68
2026-09-04 22:15:55 UTC,EUR,ARS,1839.2349,1751.97
2026-09-04 22:15:55 UTC,USD,ARS,1583.75,1508.5
2026-09-04 22:15:55 UTC,GBP,ARS,2140.4023,2039.44
2026-09-04 22:15:55 UTC,CAD,ARS,1143.8322,1090.68
2026-09-05 00:12:54 UTC,EUR,ARS,1839.2349,1751.97
2026-09-05 00:12:54 UTC,USD,ARS,1583.75,1508.5
2026-09-05 00:12:54 UTC,GBP,ARS,2140.4023,2039.44
2026-09-05 00:12:54 UTC,CAD,ARS,1143.8322,1090.68
2026-09-05 04:36:13 UTC,EUR,ARS,1839.2349,1751.97
2026-09-05 04:36:13 UTC,USD,ARS,1583.75,1508.5
2026-09-05 04:36:13 UTC,GBP,ARS,2140.4023,2039.44
2026-09-05 04:36:13 UTC,CAD,ARS,1143.8322,1090.15
2026-09-05 08:36:03 UTC,EUR,ARS,1839.2349,1751.97
2026-09-05 08:36:03 UTC,USD,ARS,1583.75,1508.5
2026-09-05 08:36:03 UTC,GBP,ARS,2140.4023,2039.44
2026-09-05 08:36:03 UTC,CAD,ARS,1143.8322,1090.15
2026-09-05 12:04:53 UTC,EUR,ARS,1839.2349,1751.97
2026-09-05 12:04:53 UTC,USD,ARS,1583.75,1508.5
2026-09-05 12:04:53 UTC,GBP,ARS,2140.4023,2039.44
2026-09-05 12:04:53 UTC,CAD,ARS,1143.8322,1090.15
2026-09-05 15:10:29 UTC,EUR,ARS,1839.2349,1751.97
2026-09-05 15:10:29 UTC,USD,ARS,1583.75,1508.5
2026-09-05 15:10:29 UTC,GBP,ARS,2140.4023,2039.44
2026-09-05 15:10:29 UTC,CAD,ARS,1143.8322,1090.15
2026-09-05 17:22:25 UTC,EUR,ARS,1839.2349,1751.97
2026-09-05 17:22:25 UTC,USD,ARS,1583.75,1508.5
2026-09-05 17:22:25 UTC,GBP,ARS,2140.4023,2039.43
2026-09-05 17:22:25 UTC,CAD,ARS,1143.8322,1090.15
2026-09-05 19:14:10 UTC,EUR,ARS,1839.2349,1751.97
2026-09-05 19:14:10 UTC,USD,ARS,1583.75,1508.5
2026-09-05 19:14:10 UTC,GBP,ARS,2140.4023,2039.43
2026-09-05 19:14:10 UTC,CAD,ARS,1143.8322,1090.15
2026-09-05 21:21:13 UTC,EUR,ARS,1839.2349,1751.97
2026-09-05 21:21:13 UTC,USD,ARS,1583.75,1508.5
2026-09-05 21:21:13 UTC,GBP,ARS,2140.4023,2039.43
2026-09-05 21:21:13 UTC,CAD,ARS,1143.8322,1090.15
2026-09-05 23:04:58 UTC,EUR,ARS,1839.2349,1751.97
2026-09-05 23:04:58 UTC,USD,ARS,1583.75,1508.5
2026-09-05 23:04:58 UTC,GBP,ARS,2140.4023,2039.43
2026-09-05 23:04:58 UTC,CAD,ARS,1143.8322,1090.15
2026-09-06 00:54:14 UTC,EUR,ARS,1839.2349,1751.97
2026-09-06 00:54:14 UTC,USD,ARS,1583.75,1508.5
2026-09-06 00:54:14 UTC,GBP,ARS,2140.4023,2039.43
2026-09-06 00:54:14 UTC,CAD,ARS,1143.8322,1090.15
2026-09-06 05:34:23 UTC,EUR,ARS,1839.2349,1751.97
2026-09-06 05:34:23 UTC,USD,ARS,1583.75,1508.5
2026-09-06 05:34:23 UTC,GBP,ARS,2140.4023,2039.43
2026-09-06 05:34:23 UTC,CAD,ARS,1143.8322,1090.15
2026-09-06 09:40:02 UTC,EUR,ARS,1839.2349,1751.97
2026-09-06 09:40:02 UTC,USD,ARS,1583.75,1508.5
2026-09-06 09:40:02 UTC,GBP,ARS,2140.4023,2039.43
2026-09-06 09:40:02 UTC,CAD,ARS,1143.8322,1090.15
2026-09-06 13:10:56 UTC,EUR,ARS,1839.2349,1751.97
2026-09-06 13:10:56 UTC,USD,ARS,1583.75,1508.5
2026-09-06 13:10:56 UTC,GBP,ARS,2140.4023,2039.43
2026-09-06 13:10:56 UTC,CAD,ARS,1143.8322,1090.15
2026-09-06 16:19:33 UTC,EUR,ARS,1839.2349,1751.97
2026-09-06 16:19:33 UTC,USD,ARS,1583.75,1508.5
2026-09-06 16:19:33 UTC,GBP,ARS,2140.4023,2039.43
2026-09-06 16:19:33 UTC,CAD,ARS,1143.8322,1090.15
2026-09-06 18:26:54 UTC,EUR,ARS,N/A,1751.97
2026-09-06 18:26:54 UTC,USD,ARS,1583.75,1508.5
2026-09-06 18:26:54 UTC,GBP,ARS,2140.4023,2039.43
2026-09-06 18:26:54 UTC,CAD,ARS,1143.8322,1090.15
2026-09-06 20:44:37 UTC,EUR,ARS,1839.2349,1751.97
2026-09-06 20:44:37 UTC,USD,ARS,1583.75,1508.5
2026-09-06 20:44:37 UTC,GBP,ARS,2140.4023,2039.43
2026-09-06 20:44:37 UTC,CAD,ARS,1143.8322,1090.23
2026-09-06 22:26:32 UTC,EUR,ARS,1839.2349,1751.22
2026-09-06 22:26:32 UTC,USD,ARS,1583.75,1508.5
2026-09-06 22:26:32 UTC,GBP,ARS,2140.4023,2039.15
2026-09-06 22:26:32 UTC,CAD,ARS,1143.8322,1090.55
2026-09-07 00:15:43 UTC,EUR,ARS,1839.2349,1752.16
2026-09-07 00:15:43 UTC,USD,ARS,1583.75,1508.5
2026-09-07 00:15:43 UTC,GBP,ARS,2140.4023,2039.28
2026-09-07 00:15:43 UTC,CAD,ARS,1143.8322,1090.48
2026-09-07 04:55:44 UTC,EUR,ARS,1839.2349,1751.24
2026-09-07 04:55:44 UTC,USD,ARS,1583.75,1508.5
2026-09-07 04:55:44 UTC,GBP,ARS,2140.4023,2037.5
2026-09-07 04:55:44 UTC,CAD,ARS,1143.8322,1089.92
2026-09-07 10:02:24 UTC,EUR,ARS,1839.8424,1751.24
2026-09-07 10:02:24 UTC,USD,ARS,1583.75,1508.5
2026-09-07 10:02:24 UTC,GBP,ARS,2142.0219,2037.5
2026-09-07 10:02:24 UTC,CAD,ARS,1143.8322,1089.92
2026-09-07 15:48:18 UTC,EUR,ARS,1840.3175,1755.9
2026-09-07 15:48:18 UTC,USD,ARS,1583.75,1510.0
2026-09-07 15:48:18 UTC,GBP,ARS,2143.6056,2044.8
2026-09-07 15:48:18 UTC,CAD,ARS,1145.5696,1093.31
2026-09-07 19:27:05 UTC,EUR,ARS,1840.3175,1756.17
2026-09-07 19:27:05 UTC,USD,ARS,1583.75,1511.0
2026-09-07 19:27:05 UTC,GBP,ARS,2143.6056,2045.91
2026-09-07 19:27:05 UTC,CAD,ARS,1146.7308,1093.62
2026-09-07 22:14:58 UTC,EUR,ARS,1840.3175,1756.32
2026-09-07 22:14:58 UTC,USD,ARS,1583.75,1511.0
2026-09-07 22:14:58 UTC,GBP,ARS,2143.6056,2046.18
2026-09-07 22:14:58 UTC,CAD,ARS,1145.7354,1093.46
2026-09-08 00:31:09 UTC,EUR,ARS,1840.3175,1756.32
2026-09-08 00:31:09 UTC,USD,ARS,1583.75,1511.0
2026-09-08 00:31:09 UTC,GBP,ARS,2143.6056,2046.18
2026-09-08 00:31:09 UTC,CAD,ARS,1145.7354,1093.46
2026-09-08 05:09:59 UTC,EUR,ARS,1840.3175,1757.91
2026-09-08 05:09:59 UTC,USD,ARS,1583.75,1511.0
2026-09-08 05:09:59 UTC,GBP,ARS,2143.6056,2047.2
2026-09-08 05:09:59 UTC,CAD,ARS,1145.7354,1094.92
2026-09-08 09:43:30 UTC,EUR,ARS,1839.5256,1757.91
2026-09-08 09:43:30 UTC,USD,ARS,1583.75,1511.0
2026-09-08 09:43:30 UTC,GBP,ARS,2143.4472,2047.2
2026-09-08 09:43:30 UTC,CAD,ARS,1145.7354,1094.92
2026-09-08 13:55:18 UTC,EUR,ARS,1839.0505,1750.2
2026-09-08 13:55:18 UTC,USD,ARS,1583.75,1506.0
2026-09-08 13:55:18 UTC,GBP,ARS,2142.3386,2040.54
2026-09-08 13:55:18 UTC,CAD,ARS,1147.3124,1092.4
2026-09-08 17:50:42 UTC,EUR,ARS,1839.0505,1756.6
2026-09-08 17:50:42 UTC,USD,ARS,1583.75,1511.0
2026-09-08 17:50:42 UTC,GBP,ARS,2142.3386,2045.58
2026-09-08 17:50:42 UTC,CAD,ARS,1148.6438,1096.0
2026-09-08 20:30:35 UTC,EUR,ARS,1839.0505,1756.83
2026-09-08 20:30:35 UTC,USD,ARS,1583.75,1511.5
2026-09-08 20:30:35 UTC,GBP,ARS,2142.3386,2046.66
2026-09-08 20:30:35 UTC,CAD,ARS,1148.6438,1096.61
2026-09-08 22:57:20 UTC,EUR,ARS,1839.0505,1757.4
2026-09-08 22:57:20 UTC,USD,ARS,1583.75,1511.5
2026-09-08 22:57:20 UTC,GBP,ARS,2142.3386,2046.81
2026-09-08 22:57:20 UTC,CAD,ARS,1148.3107,1096.64
2026-09-09 01:11:54 UTC,EUR,ARS,1839.0505,1757.89
2026-09-09 01:11:54 UTC,USD,ARS,1583.75,1511.5
2026-09-09 01:11:54 UTC,GBP,ARS,2142.3386,2047.25
2026-09-09 01:11:54 UTC,CAD,ARS,1148.3107,1096.98
2026-09-09 06:02:19 UTC,EUR,ARS,1839.0505,1758.33
2026-09-09 06:02:19 UTC,USD,ARS,1583.75,1511.5
2026-09-09 06:02:19 UTC,GBP,ARS,2142.3386,2047.89
2026-09-09 06:02:19 UTC,CAD,ARS,1148.3107,1097.42
2026-09-09 11:15:40 UTC,EUR,ARS,1840.7926,1758.33
2026-09-09 11:15:40 UTC,USD,ARS,1583.75,1511.5
2026-09-09 11:15:40 UTC,GBP,ARS,2142.9721,2047.89
2026-09-09 11:15:40 UTC,CAD,ARS,1148.977,1097.42
2026-09-09 15:11:12 UTC,EUR,ARS,1840.7926,1760.5
2026-09-09 15:11:12 UTC,USD,ARS,1583.75,1514.0
2026-09-09 15:11:12 UTC,GBP,ARS,2142.9721,2050.81
2026-09-09 15:11:12 UTC,CAD,ARS,1148.977,1096.54
2026-09-09 18:40:20 UTC,EUR,ARS,1843.6403,1761.12
2026-09-09 18:40:20 UTC,USD,ARS,1586.2,1513.5
2026-09-09 18:40:20 UTC,GBP,ARS,2146.2872,2051.66
2026-09-09 18:40:20 UTC,CAD,ARS,1148.8375,1096.54
2026-09-09 21:14:53 UTC,EUR,ARS,1843.6403,1761.12
2026-09-09 21:14:53 UTC,USD,ARS,1586.2,1513.5
2026-09-09 21:14:53 UTC,GBP,ARS,2146.2872,2051.66
2026-09-09 21:14:53 UTC,CAD,ARS,1148.8375,1096.54
2026-09-09 23:21:10 UTC,EUR,ARS,1843.6403,1761.12
2026-09-09 23:21:10 UTC,USD,ARS,1586.2,1513.5
2026-09-09 23:21:10 UTC,GBP,ARS,2146.2872,2051.66
2026-09-09 23:21:10 UTC,CAD,ARS,1149.004,1096.54
2026-09-10 01:15:31 UTC,EUR,ARS,1843.6403,1760.73
2026-09-10 01:15:31 UTC,USD,ARS,1586.2,1513.5
2026-09-10 01:15:31 UTC,GBP,ARS,2146.2872,2050.44
2026-09-10 01:15:31 UTC,CAD,ARS,1149.004,1096.06
2026-09-10 06:05:32 UTC,EUR,ARS,1843.6403,1761.28
2026-09-10 06:05:32 UTC,USD,ARS,1586.2,1513.5
2026-09-10 06:05:32 UTC,GBP,ARS,2146.2872,2051.66
2026-09-10 06:05:32 UTC,CAD,ARS,1149.004,1096.3
2026-09-10 11:14:52 UTC,EUR,ARS,1845.3851,1761.28
2026-09-10 11:14:52 UTC,USD,ARS,1586.2,1513.5
2026-09-10 11:14:52 UTC,GBP,ARS,2148.9838,2051.66
2026-09-10 11:14:52 UTC,CAD,ARS,1148.588,1096.3
2026-09-10 15:03:05 UTC,EUR,ARS,1845.3851,1759.79
2026-09-10 15:03:05 UTC,USD,ARS,1586.2,1513.5
2026-09-10 15:03:05 UTC,GBP,ARS,2148.9838,2047.38
2026-09-10 15:03:05 UTC,CAD,ARS,1148.588,1095.18
2026-09-10 18:23:37 UTC,EUR,ARS,1852.9472,1756.85
2026-09-10 18:23:37 UTC,USD,ARS,1592.7,1512.5
2026-09-10 18:23:37 UTC,GBP,ARS,2157.79,2044.27
2026-09-10 18:23:37 UTC,CAD,ARS,1152.5436,1093.85
2026-09-10 21:04:55 UTC,EUR,ARS,1852.9472,1756.79
2026-09-10 21:04:55 UTC,USD,ARS,1592.7,1512.5
2026-09-10 21:04:55 UTC,GBP,ARS,2157.79,2044.05
2026-09-10 21:04:55 UTC,CAD,ARS,1152.5436,1093.93
2026-09-10 23:08:39 UTC,EUR,ARS,1852.9472,1755.95
2026-09-10 23:08:39 UTC,USD,ARS,1592.7,1512.5
2026-09-10 23:08:39 UTC,GBP,ARS,2157.79,2043.56
2026-09-10 23:08:39 UTC,CAD,ARS,1151.1274,1093.26
2026-09-11 01:06:37 UTC,EUR,ARS,1852.9472,1755.95
2026-09-11 01:06:37 UTC,USD,ARS,1592.7,1512.5
2026-09-11 01:06:37 UTC,GBP,ARS,2157.79,2043.56
2026-09-11 01:06:37 UTC,CAD,ARS,1151.1274,1093.26
2026-09-11 05:57:41 UTC,EUR,ARS,1852.9472,1755.45
2026-09-11 05:57:41 UTC,USD,ARS,1592.7,1512.5
2026-09-11 05:57:41 UTC,GBP,ARS,2157.79,2042.3
2026-09-11 05:57:41 UTC,CAD,ARS,1151.1274,1092.64
2026-09-11 11:07:52 UTC,EUR,ARS,1846.8949,1755.45
2026-09-11 11:07:52 UTC,USD,ARS,1592.7,1512.5
2026-09-11 11:07:52 UTC,GBP,ARS,2152.0562,2042.3
2026-09-11 11:07:52 UTC,CAD,ARS,1150.13,1092.64
2026-09-11 15:01:04 UTC,EUR,ARS,1846.8949,1755.45
2026-09-11 15:01:04 UTC,USD,ARS,1592.7,1511.5
2026-09-11 15:01:04 UTC,GBP,ARS,2152.0562,2044.88
2026-09-11 15:01:04 UTC,CAD,ARS,1150.13,1089.55
2026-09-11 18:25:10 UTC,EUR,ARS,1846.8949,1749.31
2026-09-11 18:25:10 UTC,USD,ARS,1592.7,1508.5
2026-09-11 18:25:10 UTC,GBP,ARS,2152.0562,2040.12
2026-09-11 18:25:10 UTC,CAD,ARS,1148.8026,1088.19
2026-09-11 21:10:48 UTC,EUR,ARS,1846.8949,1749.25
2026-09-11 21:10:48 UTC,USD,ARS,1592.7,1508.5
2026-09-11 21:10:48 UTC,GBP,ARS,2152.0562,2040.32
2026-09-11 21:10:48 UTC,CAD,ARS,1148.8026,1088.08
